feature,lead,feature_family,n,deaths,hr_per_sd,ci95_lower,ci95_upper,p_value,concordance,adjustment_covariates,cohort,subgroup,analysis,bonferroni_alpha_24,bonferroni_significant,trim_lower,trim_upper
rs_diff_I,I,rs_diff,28934,1037,0.9815497117899002,0.9232972291524355,1.0434774483177542,0.5507875154628676,0.807349457917606,age;is_male;nn_predicted_age;1dAVb;RBBB;LBBB;SB;ST;AF;avl_qs_span_ms,CODE_discovery,all,adjusted_for_aVL_QS_span,0.0020833333333333333,False,,
rs_diff_2_I,I,rs_diff_2,28934,1037,1.0379808819642786,0.9827786059744351,1.0962838474236873,0.18124124025141516,0.8079145949458416,age;is_male;nn_predicted_age;1dAVb;RBBB;LBBB;SB;ST;AF;avl_qs_span_ms,CODE_discovery,all,adjusted_for_aVL_QS_span,0.0020833333333333333,False,,
rs_diff_II,II,rs_diff,28934,1037,0.957752799291595,0.9081639924508634,1.010049321681862,0.11153393692349488,0.8077807674186476,age;is_male;nn_predicted_age;1dAVb;RBBB;LBBB;SB;ST;AF;avl_qs_span_ms,CODE_discovery,all,adjusted_for_aVL_QS_span,0.0020833333333333333,False,,
rs_diff_2_II,II,rs_diff_2,28934,1037,0.9776461433262118,0.923032499164038,1.0354911473065653,0.44080788375467284,0.8074808363135835,age;is_male;nn_predicted_age;1dAVb;RBBB;LBBB;SB;ST;AF;avl_qs_span_ms,CODE_discovery,all,adjusted_for_aVL_QS_span,0.0020833333333333333,False,,
rs_diff_III,III,rs_diff,28934,1037,0.9516583060284478,0.8967545850911308,1.0099235024718605,0.10220166234811814,0.8077246560730954,age;is_male;nn_predicted_age;1dAVb;RBBB;LBBB;SB;ST;AF;avl_qs_span_ms,CODE_discovery,all,adjusted_for_aVL_QS_span,0.0020833333333333333,False,,
rs_diff_2_III,III,rs_diff_2,28934,1037,0.9961185453319459,0.9373036700354301,1.0586239956968533,0.9003291505136979,0.8074426561072957,age;is_male;nn_predicted_age;1dAVb;RBBB;LBBB;SB;ST;AF;avl_qs_span_ms,CODE_discovery,all,adjusted_for_aVL_QS_span,0.0020833333333333333,False,,
rs_diff_aVR,aVR,rs_diff,28934,1037,0.9629809240819993,0.9104102475442143,1.0185872387171095,0.18784454984190338,0.8075261452410909,age;is_male;nn_predicted_age;1dAVb;RBBB;LBBB;SB;ST;AF;avl_qs_span_ms,CODE_discovery,all,adjusted_for_aVL_QS_span,0.0020833333333333333,False,,
rs_diff_2_aVR,aVR,rs_diff_2,28934,1037,1.0130979903150386,0.9584393270198921,1.0708737726483837,0.6456144144292191,0.8075022224772429,age;is_male;nn_predicted_age;1dAVb;RBBB;LBBB;SB;ST;AF;avl_qs_span_ms,CODE_discovery,all,adjusted_for_aVL_QS_span,0.0020833333333333333,False,,
rs_diff_aVL,aVL,rs_diff,28934,1037,0.9596827894636013,0.8948495672477855,1.0292132779649819,0.24886183257643238,0.8074646982882453,age;is_male;nn_predicted_age;1dAVb;RBBB;LBBB;SB;ST;AF;avl_qs_span_ms,CODE_discovery,all,adjusted_for_aVL_QS_span,0.0020833333333333333,False,,
rs_diff_2_aVL,aVL,rs_diff_2,28934,1037,1.0281855704893577,0.9699276955531712,1.089942654704381,0.3503142428143249,0.8077383012327308,age;is_male;nn_predicted_age;1dAVb;RBBB;LBBB;SB;ST;AF;avl_qs_span_ms,CODE_discovery,all,adjusted_for_aVL_QS_span,0.0020833333333333333,False,,
rs_diff_aVF,aVF,rs_diff,28934,1037,0.9898562377797764,0.9378564510556879,1.0447391712970728,0.711152066326612,0.8074731390440455,age;is_male;nn_predicted_age;1dAVb;RBBB;LBBB;SB;ST;AF;avl_qs_span_ms,CODE_discovery,all,adjusted_for_aVL_QS_span,0.0020833333333333333,False,,
rs_diff_2_aVF,aVF,rs_diff_2,28934,1037,1.011326256696923,0.9567638437042656,1.0690002597973913,0.6906210035202902,0.8074338217411215,age;is_male;nn_predicted_age;1dAVb;RBBB;LBBB;SB;ST;AF;avl_qs_span_ms,CODE_discovery,all,adjusted_for_aVL_QS_span,0.0020833333333333333,False,,
rs_diff_V1,V1,rs_diff,28934,1037,0.8912621100456461,0.8399634359161867,0.945693722889956,0.0001411920071980526,0.8090162229139755,age;is_male;nn_predicted_age;1dAVb;RBBB;LBBB;SB;ST;AF;avl_qs_span_ms,CODE_discovery,all,adjusted_for_aVL_QS_span,0.0020833333333333333,True,,
rs_diff_2_V1,V1,rs_diff_2,28934,1037,0.9536944742139187,0.8936336205145243,1.017792000285849,0.15312453107965868,0.8076258598691963,age;is_male;nn_predicted_age;1dAVb;RBBB;LBBB;SB;ST;AF;avl_qs_span_ms,CODE_discovery,all,adjusted_for_aVL_QS_span,0.0020833333333333333,False,,
rs_diff_V2,V2,rs_diff,28934,1037,0.8735679868820964,0.8265081582044582,0.9233073141868017,1.7172648766553809e-06,0.8104857016439487,age;is_male;nn_predicted_age;1dAVb;RBBB;LBBB;SB;ST;AF;avl_qs_span_ms,CODE_discovery,all,adjusted_for_aVL_QS_span,0.0020833333333333333,True,,
rs_diff_2_V2,V2,rs_diff_2,28934,1037,0.9504894992950407,0.8924480750572482,1.0123057167356033,0.11421776640232567,0.8078748402980576,age;is_male;nn_predicted_age;1dAVb;RBBB;LBBB;SB;ST;AF;avl_qs_span_ms,CODE_discovery,all,adjusted_for_aVL_QS_span,0.0020833333333333333,False,,
rs_diff_V3,V3,rs_diff,28934,1037,0.898680586935534,0.851301297496583,0.9486967771689993,0.00011072132445853994,0.8097556856034512,age;is_male;nn_predicted_age;1dAVb;RBBB;LBBB;SB;ST;AF;avl_qs_span_ms,CODE_discovery,all,adjusted_for_aVL_QS_span,0.0020833333333333333,True,,
rs_diff_2_V3,V3,rs_diff_2,28934,1037,0.9601183483706482,0.9030759814128035,1.020763769440355,0.19280083301529263,0.8077975614612759,age;is_male;nn_predicted_age;1dAVb;RBBB;LBBB;SB;ST;AF;avl_qs_span_ms,CODE_discovery,all,adjusted_for_aVL_QS_span,0.0020833333333333333,False,,
rs_diff_V4,V4,rs_diff,28934,1037,0.9220788338021346,0.8732035470722248,0.9736897869879816,0.0035060798316228544,0.8086975734488985,age;is_male;nn_predicted_age;1dAVb;RBBB;LBBB;SB;ST;AF;avl_qs_span_ms,CODE_discovery,all,adjusted_for_aVL_QS_span,0.0020833333333333333,False,,
rs_diff_2_V4,V4,rs_diff_2,28934,1037,0.9862758268921007,0.9286465901549231,1.0474813745338987,0.6528103422349661,0.8075781018104722,age;is_male;nn_predicted_age;1dAVb;RBBB;LBBB;SB;ST;AF;avl_qs_span_ms,CODE_discovery,all,adjusted_for_aVL_QS_span,0.0020833333333333333,False,,
rs_diff_V5,V5,rs_diff,28934,1037,0.982979627506638,0.930960522560054,1.0379053941363645,0.5360314449436084,0.8075468316529743,age;is_male;nn_predicted_age;1dAVb;RBBB;LBBB;SB;ST;AF;avl_qs_span_ms,CODE_discovery,all,adjusted_for_aVL_QS_span,0.0020833333333333333,False,,
rs_diff_2_V5,V5,rs_diff_2,28934,1037,1.0670032254351356,1.0139505151340744,1.12283180105534,0.012688752466409627,0.8081086011257869,age;is_male;nn_predicted_age;1dAVb;RBBB;LBBB;SB;ST;AF;avl_qs_span_ms,CODE_discovery,all,adjusted_for_aVL_QS_span,0.0020833333333333333,False,,
rs_diff_V6,V6,rs_diff,28934,1037,0.9701226011469721,0.9184864460488465,1.0246616760701943,0.2770575003432168,0.8076479020501459,age;is_male;nn_predicted_age;1dAVb;RBBB;LBBB;SB;ST;AF;avl_qs_span_ms,CODE_discovery,all,adjusted_for_aVL_QS_span,0.0020833333333333333,False,,
rs_diff_2_V6,V6,rs_diff_2,28934,1037,1.023637148687475,0.9679662401956453,1.0825098734447967,0.41288563121607935,0.8075351545452092,age;is_male;nn_predicted_age;1dAVb;RBBB;LBBB;SB;ST;AF;avl_qs_span_ms,CODE_discovery,all,adjusted_for_aVL_QS_span,0.0020833333333333333,False,,
rs_diff_I,I,rs_diff,28644,1027,0.9613344609661937,0.9080361490586379,1.0177611836260527,0.17541585494643036,0.8072812492071042,age;is_male;nn_predicted_age;1dAVb;RBBB;LBBB;SB;ST;AF,CODE_discovery,all,feature_trim_0.5pct_each_tail,0.0020833333333333333,False,0.009871850383332223,0.14536370300468635
rs_diff_2_I,I,rs_diff_2,28644,1024,1.0036513760374155,0.9490297083013041,1.0614168089899128,0.8984224233978986,0.8076599804070289,age;is_male;nn_predicted_age;1dAVb;RBBB;LBBB;SB;ST;AF,CODE_discovery,all,feature_trim_0.5pct_each_tail,0.0020833333333333333,False,0.00419058506791454,0.09697403320308699
rs_diff_II,II,rs_diff,28644,1025,0.9456210246760713,0.8976162197050521,0.9961931421016971,0.0354264096158082,0.8080415948322212,age;is_male;nn_predicted_age;1dAVb;RBBB;LBBB;SB;ST;AF,CODE_discovery,all,feature_trim_0.5pct_each_tail,0.0020833333333333333,False,0.0071856510604894714,0.14470915651381291
rs_diff_2_II,II,rs_diff_2,28644,1025,0.958475884864458,0.9087155282391598,1.010961069023269,0.1189524281045123,0.8081762144668059,age;is_male;nn_predicted_age;1dAVb;RBBB;LBBB;SB;ST;AF,CODE_discovery,all,feature_trim_0.5pct_each_tail,0.0020833333333333333,False,0.0031149703150393625,0.1034749664234033
rs_diff_III,III,rs_diff,28644,1027,0.9509805754772671,0.8985849382378067,1.0064313527317748,0.08216613325573238,0.8077336918711536,age;is_male;nn_predicted_age;1dAVb;RBBB;LBBB;SB;ST;AF,CODE_discovery,all,feature_trim_0.5pct_each_tail,0.0020833333333333333,False,0.009879676700998881,0.17572353412217695
rs_diff_2_III,III,rs_diff_2,28644,1022,0.9714872756791106,0.917352882280469,1.0288162222374413,0.32274135825768197,0.806967379152601,age;is_male;nn_predicted_age;1dAVb;RBBB;LBBB;SB;ST;AF,CODE_discovery,all,feature_trim_0.5pct_each_tail,0.0020833333333333333,False,0.0042222047448662245,0.12806938176201577
rs_diff_aVR,aVR,rs_diff,28644,1021,0.9446840776460426,0.8954156288020303,0.9966634240592012,0.03731870191580913,0.8079008835214738,age;is_male;nn_predicted_age;1dAVb;RBBB;LBBB;SB;ST;AF,CODE_discovery,all,feature_trim_0.5pct_each_tail,0.0020833333333333333,False,0.008732281853604534,0.1428571428570465
rs_diff_2_aVR,aVR,rs_diff_2,28644,1028,0.9936970846581606,0.9420498379630609,1.0481758568030732,0.8163959897777671,0.8076694466506631,age;is_male;nn_predicted_age;1dAVb;RBBB;LBBB;SB;ST;AF,CODE_discovery,all,feature_trim_0.5pct_each_tail,0.0020833333333333333,False,0.0037805565929327507,0.0944604639481256
rs_diff_aVL,aVL,rs_diff,28644,1028,0.9452579958479574,0.8923023092910556,1.001356456674872,0.055635332340620285,0.8076356706251311,age;is_male;nn_predicted_age;1dAVb;RBBB;LBBB;SB;ST;AF,CODE_discovery,all,feature_trim_0.5pct_each_tail,0.0020833333333333333,False,0.01955087454423469,0.16568958982277854
rs_diff_2_aVL,aVL,rs_diff_2,28644,1022,1.0176599074345818,0.9622461617435749,1.0762648149442482,0.540013698788806,0.8076860293756216,age;is_male;nn_predicted_age;1dAVb;RBBB;LBBB;SB;ST;AF,CODE_discovery,all,feature_trim_0.5pct_each_tail,0.0020833333333333333,False,0.0052978609812291905,0.11116048566791269
rs_diff_aVF,aVF,rs_diff,28644,1022,0.9871115260342727,0.9356671156897131,1.0413844288109388,0.6347657198664121,0.8076929651063962,age;is_male;nn_predicted_age;1dAVb;RBBB;LBBB;SB;ST;AF,CODE_discovery,all,feature_trim_0.5pct_each_tail,0.0020833333333333333,False,0.007808265997369407,0.16666666666657076
rs_diff_2_aVF,aVF,rs_diff_2,28644,1021,0.9765433775103912,0.9250385613818739,1.0309159076944931,0.39056375539434474,0.807404344867069,age;is_male;nn_predicted_age;1dAVb;RBBB;LBBB;SB;ST;AF,CODE_discovery,all,feature_trim_0.5pct_each_tail,0.0020833333333333333,False,0.0035798310316051437,0.11950886086648761
rs_diff_V1,V1,rs_diff,28644,1021,0.8704090938599847,0.8220263193562043,0.9216395787272446,1.9700098441994e-06,0.8106508777489762,age;is_male;nn_predicted_age;1dAVb;RBBB;LBBB;SB;ST;AF,CODE_discovery,all,feature_trim_0.5pct_each_tail,0.0020833333333333333,True,0.00607970422661531,0.14285714285698065
rs_diff_2_V1,V1,rs_diff_2,28644,1017,0.8934306242843849,0.8421614116035379,0.9478210108075587,0.00018602596801131743,0.8088812285491583,age;is_male;nn_predicted_age;1dAVb;RBBB;LBBB;SB;ST;AF,CODE_discovery,all,feature_trim_0.5pct_each_tail,0.0020833333333333333,True,0.0022428423060740633,0.09060726306612736
rs_diff_V2,V2,rs_diff,28644,1026,0.8543873553162065,0.8095165040749247,0.9017453618915453,1.0815157150320188e-08,0.8115475935170473,age;is_male;nn_predicted_age;1dAVb;RBBB;LBBB;SB;ST;AF,CODE_discovery,all,feature_trim_0.5pct_each_tail,0.0020833333333333333,True,0.00555815882114128,0.14285714285709034
rs_diff_2_V2,V2,rs_diff_2,28644,1025,0.9235370537510941,0.8740475155231503,0.9758287444370185,0.0046446458508561375,0.8076849541003868,age;is_male;nn_predicted_age;1dAVb;RBBB;LBBB;SB;ST;AF,CODE_discovery,all,feature_trim_0.5pct_each_tail,0.0020833333333333333,False,0.0019972778314290233,0.09639272031022193
rs_diff_V3,V3,rs_diff,28644,1023,0.8815905219599892,0.8360629826136801,0.9295972487383863,3.1856697251350704e-06,0.8101626176913937,age;is_male;nn_predicted_age;1dAVb;RBBB;LBBB;SB;ST;AF,CODE_discovery,all,feature_trim_0.5pct_each_tail,0.0020833333333333333,True,0.004957411440736443,0.1428571428571058
rs_diff_2_V3,V3,rs_diff_2,28644,1026,0.9228949006477617,0.8730380263301161,0.9755989681480162,0.004628730355642299,0.8091065680566039,age;is_male;nn_predicted_age;1dAVb;RBBB;LBBB;SB;ST;AF,CODE_discovery,all,feature_trim_0.5pct_each_tail,0.0020833333333333333,False,0.001748525986322659,0.09720004771120164
rs_diff_V4,V4,rs_diff,28644,1024,0.9097768400513115,0.8623522893023985,0.9598094757344637,0.0005366811029038207,0.8089237969664779,age;is_male;nn_predicted_age;1dAVb;RBBB;LBBB;SB;ST;AF,CODE_discovery,all,feature_trim_0.5pct_each_tail,0.0020833333333333333,True,0.004575901826347076,0.14285714285711718
rs_diff_2_V4,V4,rs_diff_2,28644,1024,0.9304780480724609,0.8792024655037565,0.9847440514724509,0.012719019787482527,0.8077334330467616,age;is_male;nn_predicted_age;1dAVb;RBBB;LBBB;SB;ST;AF,CODE_discovery,all,feature_trim_0.5pct_each_tail,0.0020833333333333333,False,0.0019197517207153614,0.09767303595426566
rs_diff_V5,V5,rs_diff,28644,1023,0.975651864126403,0.9245380913601375,1.029591499656806,0.3692921005304004,0.8080134453299697,age;is_male;nn_predicted_age;1dAVb;RBBB;LBBB;SB;ST;AF,CODE_discovery,all,feature_trim_0.5pct_each_tail,0.0020833333333333333,False,0.004704051780163824,0.14285714285711495
rs_diff_2_V5,V5,rs_diff_2,28644,1023,1.021169647728083,0.9668010894342217,1.0785956499607823,0.45297651463712485,0.8077059613687595,age;is_male;nn_predicted_age;1dAVb;RBBB;LBBB;SB;ST;AF,CODE_discovery,all,feature_trim_0.5pct_each_tail,0.0020833333333333333,False,0.0020617414735278725,0.10516596078619803
rs_diff_V6,V6,rs_diff,28644,1021,0.9454667973009161,0.8965077278242651,0.9970995642925196,0.03873113109919272,0.8080666998194517,age;is_male;nn_predicted_age;1dAVb;RBBB;LBBB;SB;ST;AF,CODE_discovery,all,feature_trim_0.5pct_each_tail,0.0020833333333333333,False,0.0052851794791319694,0.1428571428570827
rs_diff_2_V6,V6,rs_diff_2,28644,1029,0.9987368048284365,0.945246738280285,1.0552537923946188,0.9641023293458104,0.8077786045981697,age;is_male;nn_predicted_age;1dAVb;RBBB;LBBB;SB;ST;AF,CODE_discovery,all,feature_trim_0.5pct_each_tail,0.0020833333333333333,False,0.0024148375055464003,0.09666088478470236
rs_diff_I,I,rs_diff,14447,536,0.92923125468656,0.8518699579824803,1.0136180018970886,0.09792934002527671,0.8175079905437675,age;is_male;nn_predicted_age;1dAVb;RBBB;LBBB;SB;ST;AF;avl_qs_span_ms,CODE_replication_corrected,all,adjusted_for_aVL_QS_span,0.0020833333333333333,False,,
rs_diff_2_I,I,rs_diff_2,14447,536,0.9399923576381001,0.8507384390581154,1.0386102141996603,0.22408879500808151,0.8173201387707925,age;is_male;nn_predicted_age;1dAVb;RBBB;LBBB;SB;ST;AF;avl_qs_span_ms,CODE_replication_corrected,all,adjusted_for_aVL_QS_span,0.0020833333333333333,False,,
rs_diff_II,II,rs_diff,14447,536,0.9846632755490363,0.9126696653017734,1.0623359174476044,0.6899130695416316,0.8171276676919245,age;is_male;nn_predicted_age;1dAVb;RBBB;LBBB;SB;ST;AF;avl_qs_span_ms,CODE_replication_corrected,all,adjusted_for_aVL_QS_span,0.0020833333333333333,False,,
rs_diff_2_II,II,rs_diff_2,14447,536,0.9820358840466017,0.9081344165621469,1.0619512485894136,0.6497348399676526,0.817097043404709,age;is_male;nn_predicted_age;1dAVb;RBBB;LBBB;SB;ST;AF;avl_qs_span_ms,CODE_replication_corrected,all,adjusted_for_aVL_QS_span,0.0020833333333333333,False,,
rs_diff_III,III,rs_diff,14447,536,1.0241322226753038,0.9438988236587887,1.111185630527925,0.5667264590488768,0.8172387021187558,age;is_male;nn_predicted_age;1dAVb;RBBB;LBBB;SB;ST;AF;avl_qs_span_ms,CODE_replication_corrected,all,adjusted_for_aVL_QS_span,0.0020833333333333333,False,,
rs_diff_2_III,III,rs_diff_2,14447,536,0.9842794917286496,0.9047191737255971,1.0708362837587537,0.7125247540408117,0.8169866933194914,age;is_male;nn_predicted_age;1dAVb;RBBB;LBBB;SB;ST;AF;avl_qs_span_ms,CODE_replication_corrected,all,adjusted_for_aVL_QS_span,0.0020833333333333333,False,,
rs_diff_aVR,aVR,rs_diff,14447,536,0.9904282387318225,0.9164685831851659,1.0703564902008502,0.8080899450514896,0.8170482840647292,age;is_male;nn_predicted_age;1dAVb;RBBB;LBBB;SB;ST;AF;avl_qs_span_ms,CODE_replication_corrected,all,adjusted_for_aVL_QS_span,0.0020833333333333333,False,,
rs_diff_2_aVR,aVR,rs_diff_2,14447,536,1.0096075975243828,0.9288817291240999,1.0973490693375185,0.8220711969598435,0.8170222790834065,age;is_male;nn_predicted_age;1dAVb;RBBB;LBBB;SB;ST;AF;avl_qs_span_ms,CODE_replication_corrected,all,adjusted_for_aVL_QS_span,0.0020833333333333333,False,,
rs_diff_aVL,aVL,rs_diff,14447,536,0.9453159087255582,0.8550040693723143,1.0451671510121165,0.2723465037984875,0.8172212514076052,age;is_male;nn_predicted_age;1dAVb;RBBB;LBBB;SB;ST;AF;avl_qs_span_ms,CODE_replication_corrected,all,adjusted_for_aVL_QS_span,0.0020833333333333333,False,,
rs_diff_2_aVL,aVL,rs_diff_2,14447,536,0.9432845473685944,0.8468604739612389,1.0506875272408802,0.2885752463561429,0.8172005500737891,age;is_male;nn_predicted_age;1dAVb;RBBB;LBBB;SB;ST;AF;avl_qs_span_ms,CODE_replication_corrected,all,adjusted_for_aVL_QS_span,0.0020833333333333333,False,,
rs_diff_aVF,aVF,rs_diff,14447,536,0.9953314114504055,0.921969420230642,1.0745308866882204,0.9046482037731846,0.817029464670351,age;is_male;nn_predicted_age;1dAVb;RBBB;LBBB;SB;ST;AF;avl_qs_span_ms,CODE_replication_corrected,all,adjusted_for_aVL_QS_span,0.0020833333333333333,False,,
rs_diff_2_aVF,aVF,rs_diff_2,14447,536,0.9776684077948802,0.899945653860683,1.0621035964779995,0.5930850559550622,0.8171044000770569,age;is_male;nn_predicted_age;1dAVb;RBBB;LBBB;SB;ST;AF;avl_qs_span_ms,CODE_replication_corrected,all,adjusted_for_aVL_QS_span,0.0020833333333333333,False,,
rs_diff_V1,V1,rs_diff,14447,536,0.8851167357387779,0.8151742161179311,0.9610603726106208,0.0036650167911408634,0.8186450241350178,age;is_male;nn_predicted_age;1dAVb;RBBB;LBBB;SB;ST;AF;avl_qs_span_ms,CODE_replication_corrected,all,adjusted_for_aVL_QS_span,0.0020833333333333333,False,,
rs_diff_2_V1,V1,rs_diff_2,14447,536,0.9093744781558759,0.8265901307706865,1.000449812714602,0.05108923878341262,0.8181589705038499,age;is_male;nn_predicted_age;1dAVb;RBBB;LBBB;SB;ST;AF;avl_qs_span_ms,CODE_replication_corrected,all,adjusted_for_aVL_QS_span,0.0020833333333333333,False,,
rs_diff_V2,V2,rs_diff,14447,536,0.8831345812134747,0.8182355320114262,0.9531811538639072,0.0014165834405408043,0.8188655532200497,age;is_male;nn_predicted_age;1dAVb;RBBB;LBBB;SB;ST;AF;avl_qs_span_ms,CODE_replication_corrected,all,adjusted_for_aVL_QS_span,0.0020833333333333333,True,,
rs_diff_2_V2,V2,rs_diff_2,14447,536,0.9333703656327139,0.8558936546053584,1.017860378744175,0.11886219390675778,0.8176681264813858,age;is_male;nn_predicted_age;1dAVb;RBBB;LBBB;SB;ST;AF;avl_qs_span_ms,CODE_replication_corrected,all,adjusted_for_aVL_QS_span,0.0020833333333333333,False,,
rs_diff_V3,V3,rs_diff,14447,536,0.9212472319593179,0.8537869868560558,0.9940377113475393,0.03450750073867334,0.8179478511160072,age;is_male;nn_predicted_age;1dAVb;RBBB;LBBB;SB;ST;AF;avl_qs_span_ms,CODE_replication_corrected,all,adjusted_for_aVL_QS_span,0.0020833333333333333,False,,
rs_diff_2_V3,V3,rs_diff_2,14447,536,0.9901151890105722,0.9116510568521999,1.075332584919468,0.8135721241847901,0.8170508503457807,age;is_male;nn_predicted_age;1dAVb;RBBB;LBBB;SB;ST;AF;avl_qs_span_ms,CODE_replication_corrected,all,adjusted_for_aVL_QS_span,0.0020833333333333333,False,,
rs_diff_V4,V4,rs_diff,14447,536,0.9961415307203383,0.9231141149606101,1.0749461341171243,0.9207255628770271,0.8170421249902053,age;is_male;nn_predicted_age;1dAVb;RBBB;LBBB;SB;ST;AF;avl_qs_span_ms,CODE_replication_corrected,all,adjusted_for_aVL_QS_span,0.0020833333333333333,False,,
rs_diff_2_V4,V4,rs_diff_2,14447,536,1.020915764278193,0.9408139693562041,1.107837502099324,0.6195213154650425,0.8170792505227514,age;is_male;nn_predicted_age;1dAVb;RBBB;LBBB;SB;ST;AF;avl_qs_span_ms,CODE_replication_corrected,all,adjusted_for_aVL_QS_span,0.0020833333333333333,False,,
rs_diff_V5,V5,rs_diff,14447,536,0.9892547192854739,0.9170941666961843,1.0670931461204918,0.7798152799289277,0.8170434936734329,age;is_male;nn_predicted_age;1dAVb;RBBB;LBBB;SB;ST;AF;avl_qs_span_ms,CODE_replication_corrected,all,adjusted_for_aVL_QS_span,0.0020833333333333333,False,,
rs_diff_2_V5,V5,rs_diff_2,14447,536,1.0152365326236514,0.9359580867569273,1.1012300996779287,0.7154688468537447,0.8170024331766077,age;is_male;nn_predicted_age;1dAVb;RBBB;LBBB;SB;ST;AF;avl_qs_span_ms,CODE_replication_corrected,all,adjusted_for_aVL_QS_span,0.0020833333333333333,False,,
rs_diff_V6,V6,rs_diff,14447,536,0.9450545064290994,0.8759503357539994,1.0196103405259422,0.14465120049611613,0.8173805319182061,age;is_male;nn_predicted_age;1dAVb;RBBB;LBBB;SB;ST;AF;avl_qs_span_ms,CODE_replication_corrected,all,adjusted_for_aVL_QS_span,0.0020833333333333333,False,,
rs_diff_2_V6,V6,rs_diff_2,14447,536,0.9840621158566577,0.9025239706065502,1.0729667902487663,0.7158100549646154,0.8170862650242924,age;is_male;nn_predicted_age;1dAVb;RBBB;LBBB;SB;ST;AF;avl_qs_span_ms,CODE_replication_corrected,all,adjusted_for_aVL_QS_span,0.0020833333333333333,False,,
rs_diff_I,I,rs_diff,14301,530,0.9268999269700573,0.8564167099161942,1.0031839228138952,0.05994666454389823,0.8166885533898707,age;is_male;nn_predicted_age;1dAVb;RBBB;LBBB;SB;ST;AF,CODE_replication_corrected,all,feature_trim_0.5pct_each_tail,0.0020833333333333333,False,0.009385796048450887,0.14422571313762508
rs_diff_2_I,I,rs_diff_2,14301,529,0.9379082515891249,0.8654956674335725,1.0163793089888398,0.11789699568155758,0.81735517787894,age;is_male;nn_predicted_age;1dAVb;RBBB;LBBB;SB;ST;AF,CODE_replication_corrected,all,feature_trim_0.5pct_each_tail,0.0020833333333333333,False,0.004104956355959459,0.09909366083381108
rs_diff_II,II,rs_diff,14301,533,0.9807681613001461,0.9116821368722577,1.055089430094701,0.6023229637509757,0.8176666519169818,age;is_male;nn_predicted_age;1dAVb;RBBB;LBBB;SB;ST;AF,CODE_replication_corrected,all,feature_trim_0.5pct_each_tail,0.0020833333333333333,False,0.006734702362157391,0.14285714285706647
rs_diff_2_II,II,rs_diff_2,14301,535,0.9917109987728476,0.9212747843646278,1.0675324254807639,0.8247539115955556,0.8168617925387913,age;is_male;nn_predicted_age;1dAVb;RBBB;LBBB;SB;ST;AF,CODE_replication_corrected,all,feature_trim_0.5pct_each_tail,0.0020833333333333333,False,0.0032004995179358993,0.09506081061968558
rs_diff_III,III,rs_diff,14301,532,0.9995185535189346,0.924046625970247,1.0811546850026061,0.9904082303447438,0.8178762446540674,age;is_male;nn_predicted_age;1dAVb;RBBB;LBBB;SB;ST;AF,CODE_replication_corrected,all,feature_trim_0.5pct_each_tail,0.0020833333333333333,False,0.0094490162830789,0.18083281147506286
rs_diff_2_III,III,rs_diff_2,14301,535,0.9979981713143117,0.9228275005934863,1.0792920121107845,0.9600003902805245,0.8168135518993912,age;is_male;nn_predicted_age;1dAVb;RBBB;LBBB;SB;ST;AF,CODE_replication_corrected,all,feature_trim_0.5pct_each_tail,0.0020833333333333333,False,0.003980657823135034,0.13007411972968527
rs_diff_aVR,aVR,rs_diff,14301,533,0.9792038555837972,0.9094670751306344,1.054287963808308,0.577178477913443,0.8165916978012457,age;is_male;nn_predicted_age;1dAVb;RBBB;LBBB;SB;ST;AF,CODE_replication_corrected,all,feature_trim_0.5pct_each_tail,0.0020833333333333333,False,0.00850549860949985,0.1428571428569993
rs_diff_2_aVR,aVR,rs_diff_2,14301,532,0.9991551319135435,0.927583288663267,1.0762494212976053,0.982218216767266,0.8167944975717262,age;is_male;nn_predicted_age;1dAVb;RBBB;LBBB;SB;ST;AF,CODE_replication_corrected,all,feature_trim_0.5pct_each_tail,0.0020833333333333333,False,0.003925622969560252,0.08857705046718813
rs_diff_aVL,aVL,rs_diff,14301,531,0.9429227614369627,0.8695246270049293,1.0225165641350686,0.15519386537865745,0.8166665939236285,age;is_male;nn_predicted_age;1dAVb;RBBB;LBBB;SB;ST;AF,CODE_replication_corrected,all,feature_trim_0.5pct_each_tail,0.0020833333333333333,False,0.022388037487893843,0.1627758299265891
rs_diff_2_aVL,aVL,rs_diff_2,14301,529,0.9506877576788255,0.8751878333898182,1.0327008421720456,0.2309945933095828,0.8167549884189983,age;is_male;nn_predicted_age;1dAVb;RBBB;LBBB;SB;ST;AF,CODE_replication_corrected,all,feature_trim_0.5pct_each_tail,0.0020833333333333333,False,0.005297731986707075,0.11637259865815351
rs_diff_aVF,aVF,rs_diff,14301,531,0.997082753270731,0.9253892435327502,1.0743306385047222,0.938832851684475,0.8167126359629445,age;is_male;nn_predicted_age;1dAVb;RBBB;LBBB;SB;ST;AF,CODE_replication_corrected,all,feature_trim_0.5pct_each_tail,0.0020833333333333333,False,0.0077174909185517395,0.16666666666644672
rs_diff_2_aVF,aVF,rs_diff_2,14301,532,0.9625748565052027,0.8918430505831317,1.038916380825288,0.32731553589193624,0.8169681940727065,age;is_male;nn_predicted_age;1dAVb;RBBB;LBBB;SB;ST;AF,CODE_replication_corrected,all,feature_trim_0.5pct_each_tail,0.0020833333333333333,False,0.003909842461399224,0.10882404583505646
rs_diff_V1,V1,rs_diff,14301,531,0.871775666289989,0.8052187375646153,0.9438339880588884,0.0007078109875207731,0.8179521472142218,age;is_male;nn_predicted_age;1dAVb;RBBB;LBBB;SB;ST;AF,CODE_replication_corrected,all,feature_trim_0.5pct_each_tail,0.0020833333333333333,True,0.006366548236392061,0.14056974818262208
rs_diff_2_V1,V1,rs_diff_2,14301,530,0.8908476308785981,0.8202802081184111,0.9674858585975414,0.006051405465757897,0.818584491478308,age;is_male;nn_predicted_age;1dAVb;RBBB;LBBB;SB;ST;AF,CODE_replication_corrected,all,feature_trim_0.5pct_each_tail,0.0020833333333333333,False,0.0022605111525230526,0.08859188642337758
rs_diff_V2,V2,rs_diff,14301,532,0.8774863247308858,0.8140974509106985,0.9458109090359748,0.0006348834738997775,0.8186003489044752,age;is_male;nn_predicted_age;1dAVb;RBBB;LBBB;SB;ST;AF,CODE_replication_corrected,all,feature_trim_0.5pct_each_tail,0.0020833333333333333,True,0.005454160838039239,0.14285714285700687
rs_diff_2_V2,V2,rs_diff_2,14301,527,0.9210039361731266,0.8527253219920555,0.9947496908673897,0.03626789545104998,0.817027070329964,age;is_male;nn_predicted_age;1dAVb;RBBB;LBBB;SB;ST;AF,CODE_replication_corrected,all,feature_trim_0.5pct_each_tail,0.0020833333333333333,False,0.0021049234569973526,0.09014320097718549
rs_diff_V3,V3,rs_diff,14301,532,0.9057310998552449,0.8406719113960627,0.9758251871204766,0.009229868344403053,0.8189636153553463,age;is_male;nn_predicted_age;1dAVb;RBBB;LBBB;SB;ST;AF,CODE_replication_corrected,all,feature_trim_0.5pct_each_tail,0.0020833333333333333,False,0.00469217771427047,0.14285714285710294
rs_diff_2_V3,V3,rs_diff_2,14301,530,0.9471867608851174,0.8775245472555513,1.0223791035839482,0.16388712060981472,0.8186123238559566,age;is_male;nn_predicted_age;1dAVb;RBBB;LBBB;SB;ST;AF,CODE_replication_corrected,all,feature_trim_0.5pct_each_tail,0.0020833333333333333,False,0.0018391341120585535,0.09164352931670067
rs_diff_V4,V4,rs_diff,14301,533,0.9968520718700794,0.9245887724760677,1.0747632707354677,0.9345538795975386,0.8178956190423144,age;is_male;nn_predicted_age;1dAVb;RBBB;LBBB;SB;ST;AF,CODE_replication_corrected,all,feature_trim_0.5pct_each_tail,0.0020833333333333333,False,0.004862346298516525,0.1428571428571263
rs_diff_2_V4,V4,rs_diff_2,14301,529,1.0311060757994528,0.9549106183480273,1.1133814192890876,0.43418440618498955,0.8162652108662845,age;is_male;nn_predicted_age;1dAVb;RBBB;LBBB;SB;ST;AF,CODE_replication_corrected,all,feature_trim_0.5pct_each_tail,0.0020833333333333333,False,0.002079959445290905,0.09968383087016823
rs_diff_V5,V5,rs_diff,14301,533,0.9884066273270024,0.9175511208727591,1.0647337665662524,0.7586502973717453,0.8162777752651849,age;is_male;nn_predicted_age;1dAVb;RBBB;LBBB;SB;ST;AF,CODE_replication_corrected,all,feature_trim_0.5pct_each_tail,0.0020833333333333333,False,0.005048560634185243,0.14285714285711462
rs_diff_2_V5,V5,rs_diff_2,14301,532,1.0169900802240421,0.9418940938195147,1.0980733715825695,0.6668636744325754,0.8163290257048498,age;is_male;nn_predicted_age;1dAVb;RBBB;LBBB;SB;ST;AF,CODE_replication_corrected,all,feature_trim_0.5pct_each_tail,0.0020833333333333333,False,0.0022235638938396035,0.10700070785785443
rs_diff_V6,V6,rs_diff,14301,533,0.9516158574829214,0.8843715868769166,1.0239731280952944,0.18471593130559058,0.8167807989824547,age;is_male;nn_predicted_age;1dAVb;RBBB;LBBB;SB;ST;AF,CODE_replication_corrected,all,feature_trim_0.5pct_each_tail,0.0020833333333333333,False,0.004325589596840447,0.14285714285705525
rs_diff_2_V6,V6,rs_diff_2,14301,531,0.9856652585276721,0.9145868100367777,1.0622676723594504,0.7053541128297258,0.8159538690884545,age;is_male;nn_predicted_age;1dAVb;RBBB;LBBB;SB;ST;AF,CODE_replication_corrected,all,feature_trim_0.5pct_each_tail,0.0020833333333333333,False,0.0024381340956449106,0.09695409971737977
