cohort,subgroup,feature,lead,feature_family,n,deaths,hr_per_sd,ci95_lower,ci95_upper,p_value,concordance,adjustment_covariates,bonferroni_alpha_24,bonferroni_significant,source_analysis_label
CODE_discovery,normal_ecg,rs_diff_I,I,rs_diff,11686,176,0.9759347219969404,0.8671259103014525,1.0983970958359797,0.6862970379450402,0.8101490538236858,age;is_male;nn_predicted_age,0.0020833333333333333,False,FROZEN_DISCOVERY_28934
CODE_discovery,normal_ecg,rs_diff_2_I,I,rs_diff_2,11686,176,0.9891644431654267,0.8784136798163815,1.1138787089783229,0.8572883174592864,0.8106077982744346,age;is_male;nn_predicted_age,0.0020833333333333333,False,FROZEN_DISCOVERY_28934
CODE_discovery,normal_ecg,rs_diff_II,II,rs_diff,11686,176,0.9877759347139949,0.8828524317904887,1.1051691789774125,0.83002881023323,0.8109159576353947,age;is_male;nn_predicted_age,0.0020833333333333333,False,FROZEN_DISCOVERY_28934
CODE_discovery,normal_ecg,rs_diff_2_II,II,rs_diff_2,11686,176,1.0003024342232505,0.8918456756186934,1.1219485470048594,0.9958795590131809,0.8108651272253394,age;is_male;nn_predicted_age,0.0020833333333333333,False,FROZEN_DISCOVERY_28934
CODE_discovery,normal_ecg,rs_diff_III,III,rs_diff,11686,176,1.0008507943970428,0.8915738747600401,1.1235213828072201,0.9884975645829709,0.8108708456464707,age;is_male;nn_predicted_age,0.0020833333333333333,False,FROZEN_DISCOVERY_28934
CODE_discovery,normal_ecg,rs_diff_2_III,III,rs_diff_2,11686,176,0.9511215429850757,0.8416026425665578,1.0748922873763063,0.4220390278971268,0.8106281304384567,age;is_male;nn_predicted_age,0.0020833333333333333,False,FROZEN_DISCOVERY_28934
CODE_discovery,normal_ecg,rs_diff_aVR,aVR,rs_diff,11686,176,1.0043451544581978,0.895739744862663,1.1261186020480969,0.9408069795539291,0.8109763187473353,age;is_male;nn_predicted_age,0.0020833333333333333,False,FROZEN_DISCOVERY_28934
CODE_discovery,normal_ecg,rs_diff_2_aVR,aVR,rs_diff_2,11686,176,0.99288242081625,0.8833211654600774,1.1160329222412273,0.9046913192293591,0.8107361450598242,age;is_male;nn_predicted_age,0.0020833333333333333,False,FROZEN_DISCOVERY_28934
CODE_discovery,normal_ecg,rs_diff_aVL,aVL,rs_diff,11686,176,0.9911597240467628,0.8798885596135123,1.1165022977500347,0.8838025940646813,0.8106732424273808,age;is_male;nn_predicted_age,0.0020833333333333333,False,FROZEN_DISCOVERY_28934
CODE_discovery,normal_ecg,rs_diff_2_aVL,aVL,rs_diff_2,11686,176,0.9759332658106089,0.8628378355545641,1.1038525433966437,0.6982692893874513,0.810555697104128,age;is_male;nn_predicted_age,0.0020833333333333333,False,FROZEN_DISCOVERY_28934
CODE_discovery,normal_ecg,rs_diff_aVF,aVF,rs_diff,11686,176,0.9948998052042469,0.8887419110612578,1.1137379818326394,0.9292266672918409,0.8108905424303671,age;is_male;nn_predicted_age,0.0020833333333333333,False,FROZEN_DISCOVERY_28934
CODE_discovery,normal_ecg,rs_diff_2_aVF,aVF,rs_diff_2,11686,176,0.9664053233645448,0.8586728514196653,1.087654334806586,0.5709497432607632,0.8111917126099446,age;is_male;nn_predicted_age,0.0020833333333333333,False,FROZEN_DISCOVERY_28934
CODE_discovery,normal_ecg,rs_diff_V1,V1,rs_diff,11686,176,0.9147242483869426,0.8115265388370714,1.0310450866906815,0.14445862751378652,0.8114064710924281,age;is_male;nn_predicted_age,0.0020833333333333333,False,FROZEN_DISCOVERY_28934
CODE_discovery,normal_ecg,rs_diff_2_V1,V1,rs_diff_2,11686,176,0.9140264793251588,0.8000436245197909,1.0442485625818247,0.1858910842974348,0.8118607678822971,age;is_male;nn_predicted_age,0.0020833333333333333,False,FROZEN_DISCOVERY_28934
CODE_discovery,normal_ecg,rs_diff_V2,V2,rs_diff,11686,176,0.953680989484396,0.8494605505175227,1.0706882493246226,0.42185487137598554,0.8114287093968273,age;is_male;nn_predicted_age,0.0020833333333333333,False,FROZEN_DISCOVERY_28934
CODE_discovery,normal_ecg,rs_diff_2_V2,V2,rs_diff_2,11686,176,0.9969309318168134,0.8865565307461618,1.1210467108923754,0.9590515276497615,0.810860044184334,age;is_male;nn_predicted_age,0.0020833333333333333,False,FROZEN_DISCOVERY_28934
CODE_discovery,normal_ecg,rs_diff_V3,V3,rs_diff,11686,176,0.9982478466164406,0.8893869497015982,1.12043330926848,0.9762528881094216,0.8108422535408146,age;is_male;nn_predicted_age,0.0020833333333333333,False,FROZEN_DISCOVERY_28934
CODE_discovery,normal_ecg,rs_diff_2_V3,V3,rs_diff_2,11686,176,0.9966000610789618,0.886871726705589,1.1199045497053066,0.9543669069921715,0.8108034953531474,age;is_male;nn_predicted_age,0.0020833333333333333,False,FROZEN_DISCOVERY_28934
CODE_discovery,normal_ecg,rs_diff_V4,V4,rs_diff,11686,176,1.015890290825791,0.9029159949059081,1.1430001116567408,0.7932425241135411,0.8106992930125342,age;is_male;nn_predicted_age,0.0020833333333333333,False,FROZEN_DISCOVERY_28934
CODE_discovery,normal_ecg,rs_diff_2_V4,V4,rs_diff_2,11686,176,1.0006591256133845,0.8862163337244748,1.1298806482894883,0.9915160817884506,0.8108676687458423,age;is_male;nn_predicted_age,0.0020833333333333333,False,FROZEN_DISCOVERY_28934
CODE_discovery,normal_ecg,rs_diff_V5,V5,rs_diff,11686,176,1.0412630409101602,0.9266191762205302,1.1700909588206423,0.49688424324725655,0.8113804205072748,age;is_male;nn_predicted_age,0.0020833333333333333,False,FROZEN_DISCOVERY_28934
CODE_discovery,normal_ecg,rs_diff_2_V5,V5,rs_diff_2,11686,176,1.0650408977417989,0.9586726441808339,1.1832111000016106,0.24048367634419995,0.8117965944896023,age;is_male;nn_predicted_age,0.0020833333333333333,False,FROZEN_DISCOVERY_28934
CODE_discovery,normal_ecg,rs_diff_V6,V6,rs_diff,11686,176,0.9956329291748851,0.8874401352746181,1.1170161121353936,0.940558964708122,0.8107876108500052,age;is_male;nn_predicted_age,0.0020833333333333333,False,FROZEN_DISCOVERY_28934
CODE_discovery,normal_ecg,rs_diff_2_V6,V6,rs_diff_2,11686,176,0.994822796311003,0.8864946270184535,1.1163884877549768,0.9296835842530917,0.8107634664052289,age;is_male;nn_predicted_age,0.0020833333333333333,False,FROZEN_DISCOVERY_28934
CODE_discovery,rhythm_abnormalities_excluded,rs_diff_I,I,rs_diff,26075,760,0.9805292975061972,0.9206666659022079,1.044284254959785,0.54068830896632,0.8011013884302298,age;is_male;nn_predicted_age,0.0020833333333333333,False,FROZEN_DISCOVERY_28934
CODE_discovery,rhythm_abnormalities_excluded,rs_diff_2_I,I,rs_diff_2,26075,760,1.0071760198092263,0.9477467624980687,1.070331838649591,0.81775577260958,0.8012519876962206,age;is_male;nn_predicted_age,0.0020833333333333333,False,FROZEN_DISCOVERY_28934
CODE_discovery,rhythm_abnormalities_excluded,rs_diff_II,II,rs_diff,26075,760,0.9450227873751169,0.890575422407411,1.002798916507359,0.06181107425749441,0.8017045883334609,age;is_male;nn_predicted_age,0.0020833333333333333,False,FROZEN_DISCOVERY_28934
CODE_discovery,rhythm_abnormalities_excluded,rs_diff_2_II,II,rs_diff_2,26075,760,0.9769115469782884,0.9187473756127204,1.0387579828274822,0.4557660701137639,0.8012096379248425,age;is_male;nn_predicted_age,0.0020833333333333333,False,FROZEN_DISCOVERY_28934
CODE_discovery,rhythm_abnormalities_excluded,rs_diff_III,III,rs_diff,26075,760,0.9526742757880738,0.8935491766235121,1.0157116132968405,0.13805326730477305,0.8015828243778397,age;is_male;nn_predicted_age,0.0020833333333333333,False,FROZEN_DISCOVERY_28934
CODE_discovery,rhythm_abnormalities_excluded,rs_diff_2_III,III,rs_diff_2,26075,760,0.9738014806836175,0.9118655192081915,1.0399442722705896,0.4284802346926214,0.8012370682664934,age;is_male;nn_predicted_age,0.0020833333333333333,False,FROZEN_DISCOVERY_28934
CODE_discovery,rhythm_abnormalities_excluded,rs_diff_aVR,aVR,rs_diff,26075,760,0.9395552409462317,0.8830576387116897,0.9996675325490795,0.04878417905548267,0.8013768961056408,age;is_male;nn_predicted_age,0.0020833333333333333,False,FROZEN_DISCOVERY_28934
CODE_discovery,rhythm_abnormalities_excluded,rs_diff_2_aVR,aVR,rs_diff_2,26075,760,0.9835013523407434,0.922974612143502,1.0479973092755897,0.6077077869115549,0.801146481235773,age;is_male;nn_predicted_age,0.0020833333333333333,False,FROZEN_DISCOVERY_28934
CODE_discovery,rhythm_abnormalities_excluded,rs_diff_aVL,aVL,rs_diff,26075,760,0.9542046772129154,0.8943257129446655,1.0180927964343789,0.15628343097736658,0.8012719248713718,age;is_male;nn_predicted_age,0.0020833333333333333,False,FROZEN_DISCOVERY_28934
CODE_discovery,rhythm_abnormalities_excluded,rs_diff_2_aVL,aVL,rs_diff_2,26075,760,1.0084312971088167,0.9503418001332978,1.0700715056897765,0.7815020376195941,0.8012345928454175,age;is_male;nn_predicted_age,0.0020833333333333333,False,FROZEN_DISCOVERY_28934
CODE_discovery,rhythm_abnormalities_excluded,rs_diff_aVF,aVF,rs_diff,26075,760,0.9724925787392411,0.9162396975982976,1.0321991266935215,0.35887865424078713,0.8013515397654317,age;is_male;nn_predicted_age,0.0020833333333333333,False,FROZEN_DISCOVERY_28934
CODE_discovery,rhythm_abnormalities_excluded,rs_diff_2_aVF,aVF,rs_diff_2,26075,760,0.9863036664341249,0.9273574977197937,1.0489966650545515,0.6609388987251891,0.8012170641880699,age;is_male;nn_predicted_age,0.0020833333333333333,False,FROZEN_DISCOVERY_28934
CODE_discovery,rhythm_abnormalities_excluded,rs_diff_V1,V1,rs_diff,26075,760,0.8860192697866146,0.8316621328339985,0.9439291695993324,0.00017945320725152724,0.8030878803919355,age;is_male;nn_predicted_age,0.0020833333333333333,True,FROZEN_DISCOVERY_28934
CODE_discovery,rhythm_abnormalities_excluded,rs_diff_2_V1,V1,rs_diff_2,26075,760,0.9334262893182581,0.8696948239367618,1.001828013240891,0.05621726130368499,0.8015146499433463,age;is_male;nn_predicted_age,0.0020833333333333333,False,FROZEN_DISCOVERY_28934
CODE_discovery,rhythm_abnormalities_excluded,rs_diff_V2,V2,rs_diff,26075,760,0.8644736499756311,0.8133416400957301,0.9188201546083776,2.8457407342771008e-06,0.8049532774307431,age;is_male;nn_predicted_age,0.0020833333333333333,True,FROZEN_DISCOVERY_28934
CODE_discovery,rhythm_abnormalities_excluded,rs_diff_2_V2,V2,rs_diff_2,26075,760,0.93077792038963,0.8677463661877723,0.9983879746923364,0.04495682781663801,0.8019374117211322,age;is_male;nn_predicted_age,0.0020833333333333333,False,FROZEN_DISCOVERY_28934
CODE_discovery,rhythm_abnormalities_excluded,rs_diff_V3,V3,rs_diff,26075,760,0.8913649712900826,0.8395815929445813,0.9463422241742915,0.00016585928108224724,0.8037131583750319,age;is_male;nn_predicted_age,0.0020833333333333333,True,FROZEN_DISCOVERY_28934
CODE_discovery,rhythm_abnormalities_excluded,rs_diff_2_V3,V3,rs_diff_2,26075,760,0.9598108288602522,0.898344580272266,1.0254827016579764,0.22445738806443796,0.8015522495823898,age;is_male;nn_predicted_age,0.0020833333333333333,False,FROZEN_DISCOVERY_28934
CODE_discovery,rhythm_abnormalities_excluded,rs_diff_V4,V4,rs_diff,26075,760,0.9262967932513656,0.8712158269771583,0.9848601490228195,0.014377230000175307,0.8025258260011807,age;is_male;nn_predicted_age,0.0020833333333333333,False,FROZEN_DISCOVERY_28934
CODE_discovery,rhythm_abnormalities_excluded,rs_diff_2_V4,V4,rs_diff_2,26075,760,0.9901113939787857,0.9278171465892893,1.0565881177022116,0.7643774120992082,0.8012749355186262,age;is_male;nn_predicted_age,0.0020833333333333333,False,FROZEN_DISCOVERY_28934
CODE_discovery,rhythm_abnormalities_excluded,rs_diff_V5,V5,rs_diff,26075,760,0.9659065272935671,0.9085455845985875,1.0268889478787402,0.26677933542041016,0.8013221023256113,age;is_male;nn_predicted_age,0.0020833333333333333,False,FROZEN_DISCOVERY_28934
CODE_discovery,rhythm_abnormalities_excluded,rs_diff_2_V5,V5,rs_diff_2,26075,760,1.0433293388321,0.9837430989305681,1.106524773033915,0.15745212316896712,0.8017106096279696,age;is_male;nn_predicted_age,0.0020833333333333333,False,FROZEN_DISCOVERY_28934
CODE_discovery,rhythm_abnormalities_excluded,rs_diff_V6,V6,rs_diff,26075,760,0.9654798985735094,0.9088386999987222,1.0256511243973485,0.25475652661810766,0.8014217212980947,age;is_male;nn_predicted_age,0.0020833333333333333,False,FROZEN_DISCOVERY_28934
CODE_discovery,rhythm_abnormalities_excluded,rs_diff_2_V6,V6,rs_diff_2,26075,760,1.006591097905343,0.9460981873241063,1.0709518863449439,0.8354252307066953,0.8012158599291682,age;is_male;nn_predicted_age,0.0020833333333333333,False,FROZEN_DISCOVERY_28934
CODE_replication_corrected,normal_ecg,rs_diff_I,I,rs_diff,5453,81,0.9192269022269884,0.7723344027927842,1.0940573082363796,0.34309649268476744,0.797671463965935,age;is_male;nn_predicted_age,0.0020833333333333333,False,PRIMARY_POSITIVE_FOLLOWUP_14447
CODE_replication_corrected,normal_ecg,rs_diff_2_I,I,rs_diff_2,5453,81,0.8922071659153966,0.7416425587784641,1.073338655513386,0.22648239131274325,0.7989811900400462,age;is_male;nn_predicted_age,0.0020833333333333333,False,PRIMARY_POSITIVE_FOLLOWUP_14447
CODE_replication_corrected,normal_ecg,rs_diff_II,II,rs_diff,5453,81,1.0757713719319482,0.9135258491399384,1.2668322913444647,0.38122320649602726,0.7971825800396539,age;is_male;nn_predicted_age,0.0020833333333333333,False,PRIMARY_POSITIVE_FOLLOWUP_14447
CODE_replication_corrected,normal_ecg,rs_diff_2_II,II,rs_diff_2,5453,81,1.0869558000585158,0.9329437923361781,1.266392381820056,0.28480497167586205,0.7988846203755956,age;is_male;nn_predicted_age,0.0020833333333333333,False,PRIMARY_POSITIVE_FOLLOWUP_14447
CODE_replication_corrected,normal_ecg,rs_diff_III,III,rs_diff,5453,81,1.0237694369613168,0.8629174988843259,1.2146049435910093,0.7876475135648789,0.7990234392682434,age;is_male;nn_predicted_age,0.0020833333333333333,False,PRIMARY_POSITIVE_FOLLOWUP_14447
CODE_replication_corrected,normal_ecg,rs_diff_2_III,III,rs_diff_2,5453,81,1.0165052621788593,0.8584003816585172,1.2037307649385047,0.8494705893972799,0.7991652759629052,age;is_male;nn_predicted_age,0.0020833333333333333,False,PRIMARY_POSITIVE_FOLLOWUP_14447
CODE_replication_corrected,normal_ecg,rs_diff_aVR,aVR,rs_diff,5453,81,1.0283283841353947,0.8691135916941283,1.2167100776289195,0.744818811976184,0.7989932612481025,age;is_male;nn_predicted_age,0.0020833333333333333,False,PRIMARY_POSITIVE_FOLLOWUP_14447
CODE_replication_corrected,normal_ecg,rs_diff_2_aVR,aVR,rs_diff_2,5453,81,0.9980203441478447,0.8399674039262726,1.1858134049930458,0.9820275430414726,0.7990747419024827,age;is_male;nn_predicted_age,0.0020833333333333333,False,PRIMARY_POSITIVE_FOLLOWUP_14447
CODE_replication_corrected,normal_ecg,rs_diff_aVL,aVL,rs_diff,5453,81,0.9310664368649283,0.7806273289946131,1.1104975161103228,0.4269942559248191,0.7987518370869761,age;is_male;nn_predicted_age,0.0020833333333333333,False,PRIMARY_POSITIVE_FOLLOWUP_14447
CODE_replication_corrected,normal_ecg,rs_diff_2_aVL,aVL,rs_diff_2,5453,81,0.92814181564114,0.7723043846901491,1.115424497152437,0.42651741770159424,0.7989842078420604,age;is_male;nn_predicted_age,0.0020833333333333333,False,PRIMARY_POSITIVE_FOLLOWUP_14447
CODE_replication_corrected,normal_ecg,rs_diff_aVF,aVF,rs_diff,5453,81,0.9970104793325091,0.8452708526378222,1.1759897940367723,0.9716475743074432,0.7991501869528348,age;is_male;nn_predicted_age,0.0020833333333333333,False,PRIMARY_POSITIVE_FOLLOWUP_14447
CODE_replication_corrected,normal_ecg,rs_diff_2_aVF,aVF,rs_diff_2,5453,81,0.9943619443448767,0.8405998575610211,1.176250111712097,0.9474033666278515,0.7992226142011727,age;is_male;nn_predicted_age,0.0020833333333333333,False,PRIMARY_POSITIVE_FOLLOWUP_14447
CODE_replication_corrected,normal_ecg,rs_diff_V1,V1,rs_diff,5453,81,0.9355278427087712,0.7872012869436603,1.1118024817786736,0.44925123497758523,0.799904637456355,age;is_male;nn_predicted_age,0.0020833333333333333,False,PRIMARY_POSITIVE_FOLLOWUP_14447
CODE_replication_corrected,normal_ecg,rs_diff_2_V1,V1,rs_diff_2,5453,81,0.9207390112485845,0.7638610089992928,1.1098358429704924,0.3862248567538621,0.7999831003087211,age;is_male;nn_predicted_age,0.0020833333333333333,False,PRIMARY_POSITIVE_FOLLOWUP_14447
CODE_replication_corrected,normal_ecg,rs_diff_V2,V2,rs_diff,5453,81,0.9824452914635727,0.8285160453439556,1.1649729128881812,0.8385880593012816,0.7992135607951305,age;is_male;nn_predicted_age,0.0020833333333333333,False,PRIMARY_POSITIVE_FOLLOWUP_14447
CODE_replication_corrected,normal_ecg,rs_diff_2_V2,V2,rs_diff_2,5453,81,1.0131562818121564,0.8571320451699855,1.1975816995289938,0.8782524724587113,0.7990868131105391,age;is_male;nn_predicted_age,0.0020833333333333333,False,PRIMARY_POSITIVE_FOLLOWUP_14447
CODE_replication_corrected,normal_ecg,rs_diff_V3,V3,rs_diff,5453,81,1.0236413467285739,0.861578401461549,1.2161883410201204,0.790460855040887,0.7998593704261439,age;is_male;nn_predicted_age,0.0020833333333333333,False,PRIMARY_POSITIVE_FOLLOWUP_14447
CODE_replication_corrected,normal_ecg,rs_diff_2_V3,V3,rs_diff_2,5453,81,1.0302928598270273,0.8785288537846677,1.2082737777338102,0.7135718582855735,0.800348254352425,age;is_male;nn_predicted_age,0.0020833333333333333,False,PRIMARY_POSITIVE_FOLLOWUP_14447
CODE_replication_corrected,normal_ecg,rs_diff_V4,V4,rs_diff,5453,81,1.0416388497824236,0.8770637177171318,1.237095403057119,0.6419696890133246,0.799008350258173,age;is_male;nn_predicted_age,0.0020833333333333333,False,PRIMARY_POSITIVE_FOLLOWUP_14447
CODE_replication_corrected,normal_ecg,rs_diff_2_V4,V4,rs_diff_2,5453,81,1.030527484852861,0.8720420062169205,1.217816216955258,0.7241300229381118,0.7991833827749897,age;is_male;nn_predicted_age,0.0020833333333333333,False,PRIMARY_POSITIVE_FOLLOWUP_14447
CODE_replication_corrected,normal_ecg,rs_diff_V5,V5,rs_diff,5453,81,1.0651865218569119,0.8971221341991074,1.2647356286204472,0.4710300479672287,0.8005776073054951,age;is_male;nn_predicted_age,0.0020833333333333333,False,PRIMARY_POSITIVE_FOLLOWUP_14447
CODE_replication_corrected,normal_ecg,rs_diff_2_V5,V5,rs_diff_2,5453,81,1.0791887423310673,0.9255397955084482,1.2583449649880343,0.3307889801488608,0.80172738987286,age;is_male;nn_predicted_age,0.0020833333333333333,False,PRIMARY_POSITIVE_FOLLOWUP_14447
CODE_replication_corrected,normal_ecg,rs_diff_V6,V6,rs_diff,5453,81,1.0379782191822569,0.8787483518506289,1.2260606591497851,0.6608793922353391,0.7990023146541448,age;is_male;nn_predicted_age,0.0020833333333333333,False,PRIMARY_POSITIVE_FOLLOWUP_14447
CODE_replication_corrected,normal_ecg,rs_diff_2_V6,V6,rs_diff_2,5453,81,1.016371478294923,0.8542206549400805,1.2093022756091842,0.8547012803331786,0.7990777597044968,age;is_male;nn_predicted_age,0.0020833333333333333,False,PRIMARY_POSITIVE_FOLLOWUP_14447
CODE_replication_corrected,rhythm_abnormalities_excluded,rs_diff_I,I,rs_diff,13019,395,0.9004223338106572,0.8224403310279671,0.9857984204296769,0.023242040295749136,0.8125087529966142,age;is_male;nn_predicted_age,0.0020833333333333333,False,PRIMARY_POSITIVE_FOLLOWUP_14447
CODE_replication_corrected,rhythm_abnormalities_excluded,rs_diff_2_I,I,rs_diff_2,13019,395,0.9033680133503711,0.8112739071316113,1.0059164486504388,0.06396322429594402,0.8125988573735243,age;is_male;nn_predicted_age,0.0020833333333333333,False,PRIMARY_POSITIVE_FOLLOWUP_14447
CODE_replication_corrected,rhythm_abnormalities_excluded,rs_diff_II,II,rs_diff,13019,395,1.0100219390178453,0.9302094210818274,1.0966824181493962,0.8123213431968721,0.8116298491601243,age;is_male;nn_predicted_age,0.0020833333333333333,False,PRIMARY_POSITIVE_FOLLOWUP_14447
CODE_replication_corrected,rhythm_abnormalities_excluded,rs_diff_2_II,II,rs_diff_2,13019,395,1.0013468077341419,0.9252810075639051,1.0836658497933176,0.9733637332889505,0.8117559952877985,age;is_male;nn_predicted_age,0.0020833333333333333,False,PRIMARY_POSITIVE_FOLLOWUP_14447
CODE_replication_corrected,rhythm_abnormalities_excluded,rs_diff_III,III,rs_diff,13019,395,1.000613415909167,0.9167022069241857,1.092205517271343,0.9890513009455648,0.8117750459274882,age;is_male;nn_predicted_age,0.0020833333333333333,False,PRIMARY_POSITIVE_FOLLOWUP_14447
CODE_replication_corrected,rhythm_abnormalities_excluded,rs_diff_2_III,III,rs_diff_2,13019,395,0.9727147477436179,0.8900924702007036,1.0630063865887789,0.5413076329966737,0.8117462125268768,age;is_male;nn_predicted_age,0.0020833333333333333,False,PRIMARY_POSITIVE_FOLLOWUP_14447
CODE_replication_corrected,rhythm_abnormalities_excluded,rs_diff_aVR,aVR,rs_diff,13019,395,0.9873225600100864,0.9077213339426745,1.0739042931499865,0.7660983463579327,0.811868239597321,age;is_male;nn_predicted_age,0.0020833333333333333,False,PRIMARY_POSITIVE_FOLLOWUP_14447
CODE_replication_corrected,rhythm_abnormalities_excluded,rs_diff_2_aVR,aVR,rs_diff_2,13019,395,0.9963911567226873,0.9087566136665934,1.0924766018367749,0.938647944361065,0.8118007900351768,age;is_male;nn_predicted_age,0.0020833333333333333,False,PRIMARY_POSITIVE_FOLLOWUP_14447
CODE_replication_corrected,rhythm_abnormalities_excluded,rs_diff_aVL,aVL,rs_diff,13019,395,0.9237299532332517,0.841344793308918,1.0141823343845264,0.09601229160249747,0.8120700734015999,age;is_male;nn_predicted_age,0.0020833333333333333,False,PRIMARY_POSITIVE_FOLLOWUP_14447
CODE_replication_corrected,rhythm_abnormalities_excluded,rs_diff_2_aVL,aVL,rs_diff_2,13019,395,0.9236714445213561,0.8317020922556186,1.0258107384464197,0.13787513122535752,0.812038150708066,age;is_male;nn_predicted_age,0.0020833333333333333,False,PRIMARY_POSITIVE_FOLLOWUP_14447
CODE_replication_corrected,rhythm_abnormalities_excluded,rs_diff_aVF,aVF,rs_diff,13019,395,0.9995942515856764,0.9186908571050281,1.0876223052352612,0.9924805617292509,0.811779937307949,age;is_male;nn_predicted_age,0.0020833333333333333,False,PRIMARY_POSITIVE_FOLLOWUP_14447
CODE_replication_corrected,rhythm_abnormalities_excluded,rs_diff_2_aVF,aVF,rs_diff_2,13019,395,0.9784695712200472,0.895192077924517,1.0694941626642407,0.6315223209257752,0.8119949006071491,age;is_male;nn_predicted_age,0.0020833333333333333,False,PRIMARY_POSITIVE_FOLLOWUP_14447
CODE_replication_corrected,rhythm_abnormalities_excluded,rs_diff_V1,V1,rs_diff,13019,395,0.8846840090961479,0.8108719722212768,0.9652150065150523,0.005843007916722099,0.8135307940718528,age;is_male;nn_predicted_age,0.0020833333333333333,False,PRIMARY_POSITIVE_FOLLOWUP_14447
CODE_replication_corrected,rhythm_abnormalities_excluded,rs_diff_2_V1,V1,rs_diff_2,13019,395,0.9070957740655018,0.8208880728891406,1.0023568017397817,0.055650602340255595,0.8130905698303772,age;is_male;nn_predicted_age,0.0020833333333333333,False,PRIMARY_POSITIVE_FOLLOWUP_14447
CODE_replication_corrected,rhythm_abnormalities_excluded,rs_diff_V2,V2,rs_diff,13019,395,0.8796832863246468,0.8090937088308334,0.9564314686826056,0.0026668424213860194,0.8141952494912964,age;is_male;nn_predicted_age,0.0020833333333333333,False,PRIMARY_POSITIVE_FOLLOWUP_14447
CODE_replication_corrected,rhythm_abnormalities_excluded,rs_diff_2_V2,V2,rs_diff_2,13019,395,0.9219032219090223,0.8381817083011662,1.0139872323017307,0.0941289812735462,0.8128199992585697,age;is_male;nn_predicted_age,0.0020833333333333333,False,PRIMARY_POSITIVE_FOLLOWUP_14447
CODE_replication_corrected,rhythm_abnormalities_excluded,rs_diff_V3,V3,rs_diff,13019,395,0.9150594288404085,0.8414670591317908,0.9950879826165495,0.037979644755140256,0.8130905698303772,age;is_male;nn_predicted_age,0.0020833333333333333,False,PRIMARY_POSITIVE_FOLLOWUP_14447
CODE_replication_corrected,rhythm_abnormalities_excluded,rs_diff_2_V3,V3,rs_diff_2,13019,395,0.9832173125737516,0.8985776936732321,1.0758293807550234,0.7124892747492434,0.8118651503043983,age;is_male;nn_predicted_age,0.0020833333333333333,False,PRIMARY_POSITIVE_FOLLOWUP_14447
CODE_replication_corrected,rhythm_abnormalities_excluded,rs_diff_V4,V4,rs_diff,13019,395,0.9909589621109454,0.9098450891667695,1.0793042423159211,0.8348837872619437,0.8118396636377866,age;is_male;nn_predicted_age,0.0020833333333333333,False,PRIMARY_POSITIVE_FOLLOWUP_14447
CODE_replication_corrected,rhythm_abnormalities_excluded,rs_diff_2_V4,V4,rs_diff_2,13019,395,1.0123578806711493,0.9253968227500098,1.1074908118998836,0.7886804537613725,0.811786630775948,age;is_male;nn_predicted_age,0.0020833333333333333,False,PRIMARY_POSITIVE_FOLLOWUP_14447
CODE_replication_corrected,rhythm_abnormalities_excluded,rs_diff_V5,V5,rs_diff,13019,395,0.9978209126368286,0.9171312775729593,1.085609659208453,0.959560729999514,0.8117832840419484,age;is_male;nn_predicted_age,0.0020833333333333333,False,PRIMARY_POSITIVE_FOLLOWUP_14447
CODE_replication_corrected,rhythm_abnormalities_excluded,rs_diff_2_V5,V5,rs_diff_2,13019,395,1.0121220387830265,0.9254404375208938,1.1069226930849156,0.7919627233862381,0.8117899775099475,age;is_male;nn_predicted_age,0.0020833333333333333,False,PRIMARY_POSITIVE_FOLLOWUP_14447
CODE_replication_corrected,rhythm_abnormalities_excluded,rs_diff_V6,V6,rs_diff,13019,395,0.9449993097892762,0.8692677845306005,1.0273286453200792,0.18439372469030063,0.8123869833672469,age;is_male;nn_predicted_age,0.0020833333333333333,False,PRIMARY_POSITIVE_FOLLOWUP_14447
CODE_replication_corrected,rhythm_abnormalities_excluded,rs_diff_2_V6,V6,rs_diff_2,13019,395,0.9775493535031762,0.889383715194325,1.0744549537043009,0.6377541094719943,0.811872616095628,age;is_male;nn_predicted_age,0.0020833333333333333,False,PRIMARY_POSITIVE_FOLLOWUP_14447
